site_id,lake_name,method,variable,n,bias,rmse,r,nme
Ld-001,Lake Ladoga,overpass,TLWML,1612,0.4506,2.0807,0.9507,0.2992
Ld-001,Lake Ladoga,overpass,AvgSurfT,1612,0.0837,3.4794,0.8865,0.4453
Ld-001,Lake Ladoga,daily_mean,TLWML,1613,0.5151,2.0756,0.9525,0.2975
Ld-001,Lake Ladoga,daily_mean,AvgSurfT,1613,0.2009,3.1824,0.9041,0.4256
Br-001,Lake Baringo,overpass,TLWML,448,1.5513,1.726,0.5614,2.1427
Br-001,Lake Baringo,overpass,AvgSurfT,448,1.3635,1.5611,0.5546,1.8875
Br-001,Lake Baringo,daily_mean,TLWML,449,2.0018,2.1509,0.518,2.7658
Br-001,Lake Baringo,daily_mean,AvgSurfT,449,2.0015,2.1504,0.5188,2.7655
Ch-001,Lake Chilwa,overpass,TLWML,640,0.0467,0.9745,0.9085,0.4023
Ch-001,Lake Chilwa,overpass,AvgSurfT,640,-0.2495,1.0341,0.9014,0.4209
Ch-001,Lake Chilwa,daily_mean,TLWML,640,0.739,1.2415,0.9094,0.542
Ch-001,Lake Chilwa,daily_mean,AvgSurfT,640,0.7353,1.2422,0.9086,0.5425
Ky-001,Lake Kyoga,overpass,TLWML,300,1.2754,1.4911,0.7269,1.4329
Ky-001,Lake Kyoga,overpass,AvgSurfT,300,1.0433,1.3076,0.7139,1.1979
Ky-001,Lake Kyoga,daily_mean,TLWML,301,1.7741,1.939,0.7173,1.9891
Ky-001,Lake Kyoga,daily_mean,AvgSurfT,301,1.7745,1.9392,0.7176,1.9895
Mw-001,Lake Mweru Wantipa,overpass,TLWML,693,-0.2199,0.986,0.8587,0.5131
Mw-001,Lake Mweru Wantipa,overpass,AvgSurfT,693,-0.5476,1.1067,0.8574,0.5826
Mw-001,Lake Mweru Wantipa,daily_mean,TLWML,693,0.1724,0.9832,0.8553,0.509
Mw-001,Lake Mweru Wantipa,daily_mean,AvgSurfT,693,0.1723,0.9842,0.855,0.5094
Ta-001,Lake Tana,overpass,TLWML,1176,0.8194,1.4721,0.7175,1.1709
Ta-001,Lake Tana,overpass,AvgSurfT,1176,0.0034,1.11,0.7344,0.872
Ta-001,Lake Tana,daily_mean,TLWML,1177,1.1978,1.572,0.7304,1.2924
Ta-001,Lake Tana,daily_mean,AvgSurfT,1177,1.1969,1.5679,0.7323,1.2875
Vi-001,Lake Victoria,overpass,TLWML,699,0.9107,1.2377,0.7311,1.1267
Vi-001,Lake Victoria,overpass,AvgSurfT,699,0.7543,1.1018,0.7366,0.9921
Vi-001,Lake Victoria,daily_mean,TLWML,700,1.1874,1.4389,0.7385,1.3705
Vi-001,Lake Victoria,daily_mean,AvgSurfT,700,1.1874,1.4385,0.7388,1.3699
Ra-001,Razazza Lake,overpass,TLWML,1694,0.0984,1.7187,0.977,0.2037
Ra-001,Razazza Lake,overpass,AvgSurfT,1694,-0.1485,1.7277,0.9787,0.2066
Ra-001,Razazza Lake,daily_mean,TLWML,1695,0.4754,1.6026,0.9812,0.1862
Ra-001,Razazza Lake,daily_mean,AvgSurfT,1695,0.4741,1.5994,0.9812,0.1858
Ur-001,Urmia Lake,overpass,TLWML,1893,-0.2021,2.1814,0.9761,0.2132
Ur-001,Urmia Lake,overpass,AvgSurfT,1893,-0.5465,2.31,0.9779,0.232
Ur-001,Urmia Lake,daily_mean,TLWML,1894,0.2939,1.9657,0.98,0.1945
Ur-001,Urmia Lake,daily_mean,AvgSurfT,1894,0.292,1.9568,0.9802,0.1937
Ro-001,Roseires Reservoir,overpass,TLWML,990,1.7785,2.0559,0.8578,1.1608
Ro-001,Roseires Reservoir,overpass,AvgSurfT,990,1.4845,1.8068,0.8597,0.9951
Ro-001,Roseires Reservoir,daily_mean,TLWML,991,2.1222,2.3634,0.8559,1.3599
Ro-001,Roseires Reservoir,daily_mean,AvgSurfT,991,2.1221,2.3638,0.8556,1.3599
Te-001,Tengiz Lake,overpass,TLWML,1011,-0.2844,3.9495,0.9122,0.4599
Te-001,Tengiz Lake,overpass,AvgSurfT,1011,-0.575,3.7129,0.9178,0.4084
Te-001,Tengiz Lake,daily_mean,TLWML,1011,-0.0008,3.9803,0.9134,0.4827
Te-001,Tengiz Lake,daily_mean,AvgSurfT,1011,-0.0095,3.9637,0.9163,0.4811
Il-001,Ilmen Lake,overpass,TLWML,963,0.0175,1.796,0.9772,0.1882
Il-001,Ilmen Lake,overpass,AvgSurfT,963,-0.1045,2.7664,0.9436,0.2532
Il-001,Ilmen Lake,daily_mean,TLWML,963,0.3482,1.8908,0.9781,0.2015
Il-001,Ilmen Lake,daily_mean,AvgSurfT,963,0.4559,2.6695,0.953,0.2582
Ha-001,Habbaniyah Lake,overpass,TLWML,1623,0.2774,1.4245,0.9815,0.1761
Ha-001,Habbaniyah Lake,overpass,AvgSurfT,1623,-0.0258,1.3118,0.9849,0.1585
Ha-001,Habbaniyah Lake,daily_mean,TLWML,1624,0.5003,1.3722,0.9845,0.1678
Ha-001,Habbaniyah Lake,daily_mean,AvgSurfT,1624,0.4983,1.3607,0.9848,0.1662
Na-001,Natron Lake,overpass,TLWML,532,-0.5835,2.1888,0.7742,0.6931
Na-001,Natron Lake,overpass,AvgSurfT,532,-0.7989,2.2648,0.7753,0.7161
Na-001,Natron Lake,daily_mean,TLWML,532,-0.0112,2.1009,0.7683,0.6724
Na-001,Natron Lake,daily_mean,AvgSurfT,532,-0.0127,2.1013,0.7683,0.6726
To-001,Lake Toshka Lakes,overpass,TLWML,1650,-1.0374,1.8594,0.9565,0.3643
To-001,Lake Toshka Lakes,overpass,AvgSurfT,1650,-1.5167,2.0348,0.9611,0.4106
To-001,Lake Toshka Lakes,daily_mean,TLWML,1651,-0.2589,1.7053,0.9503,0.3256
To-001,Lake Toshka Lakes,daily_mean,AvgSurfT,1651,-0.2628,1.695,0.9509,0.3233
Ou-001,Oulujarvi Lake,overpass,TLWML,807,0.4108,2.963,0.9462,0.4528
Ou-001,Oulujarvi Lake,overpass,AvgSurfT,807,0.4983,3.0608,0.9237,0.4501
Ou-001,Oulujarvi Lake,daily_mean,TLWML,807,0.5292,2.9338,0.95,0.4468
Ou-001,Oulujarvi Lake,daily_mean,AvgSurfT,807,0.7239,3.1356,0.9331,0.474
Tu-001,Turkana Lake,overpass,TLWML,605,-0.3167,1.1863,0.4407,1.0058
Tu-001,Turkana Lake,overpass,AvgSurfT,605,-0.3361,1.1889,0.4409,1.0088
Tu-001,Turkana Lake,daily_mean,TLWML,606,-0.1188,1.1854,0.4331,1.0106
Tu-001,Turkana Lake,daily_mean,AvgSurfT,606,-0.1183,1.185,0.4332,1.0103
Th-001,Therthar Lake,overpass,TLWML,1783,0.0616,2.4288,0.9425,0.3479
Th-001,Therthar Lake,overpass,AvgSurfT,1783,-0.3753,2.1977,0.9493,0.3169
Th-001,Therthar Lake,daily_mean,TLWML,1784,0.5622,2.3855,0.9515,0.3396
Th-001,Therthar Lake,daily_mean,AvgSurfT,1784,0.56,2.3753,0.952,0.338
Ma-001,Malawi Lake,overpass,TLWML,725,0.0593,1.031,0.8618,0.7354
Ma-001,Malawi Lake,overpass,AvgSurfT,725,-0.1514,0.9808,0.8634,0.7062
Ma-001,Malawi Lake,daily_mean,TLWML,725,0.2716,1.0576,0.8715,0.7593
Ma-001,Malawi Lake,daily_mean,AvgSurfT,725,0.271,1.0563,0.8717,0.7586
Ru-001,Rukwa Lake,overpass,TLWML,706,-0.1922,1.183,0.8639,0.7925
Ru-001,Rukwa Lake,overpass,AvgSurfT,706,-0.3784,1.2007,0.865,0.7893
Ru-001,Rukwa Lake,daily_mean,TLWML,706,0.42,1.2555,0.8572,0.8385
Ru-001,Rukwa Lake,daily_mean,AvgSurfT,706,0.4204,1.2544,0.8577,0.8376
Ra-002,Rann Of Kutch Lake,overpass,TLWML,1285,-0.7616,1.5158,0.965,0.27
Ra-002,Rann Of Kutch Lake,overpass,AvgSurfT,1285,-1.2489,1.8727,0.9625,0.3452
Ra-002,Rann Of Kutch Lake,daily_mean,TLWML,1286,-0.0791,1.3531,0.963,0.2372
Ra-002,Rann Of Kutch Lake,daily_mean,AvgSurfT,1286,-0.0793,1.3534,0.963,0.2374
To-002,Tonle Sap Lake,overpass,TLWML,134,0.6994,1.3659,0.7306,0.9959
To-002,Tonle Sap Lake,overpass,AvgSurfT,134,0.2482,1.1292,0.7494,0.7908
To-002,Tonle Sap Lake,daily_mean,TLWML,134,1.28,1.8155,0.667,1.389
To-002,Tonle Sap Lake,daily_mean,AvgSurfT,134,1.2757,1.8088,0.6698,1.3835
Ar-001,Aral Sea,overpass,TLWML,1754,-0.5492,1.9727,0.983,0.175
Ar-001,Aral Sea,overpass,AvgSurfT,1754,-0.9524,2.7911,0.9693,0.233
Ar-001,Aral Sea,daily_mean,TLWML,1755,-0.3493,1.9682,0.9831,0.174
Ar-001,Aral Sea,daily_mean,AvgSurfT,1755,-0.5872,2.6744,0.9731,0.2293
Pi-001,Pielinen Lake,overpass,TLWML,805,0.5477,3.1187,0.9395,0.4702
Pi-001,Pielinen Lake,overpass,AvgSurfT,805,0.552,3.1981,0.9197,0.4705
Pi-001,Pielinen Lake,daily_mean,TLWML,805,0.6438,3.1039,0.9414,0.4706
Pi-001,Pielinen Lake,daily_mean,AvgSurfT,805,0.787,3.3035,0.9273,0.4997
Ch-002,Chad Lake,overpass,TLWML,1129,0.6879,1.6309,0.9366,0.3626
Ch-002,Chad Lake,overpass,AvgSurfT,1129,0.2836,1.3606,0.9402,0.3188
Ch-002,Chad Lake,daily_mean,TLWML,1130,1.175,1.8809,0.9386,0.4266
Ch-002,Chad Lake,daily_mean,AvgSurfT,1130,1.1747,1.8776,0.9389,0.4258
Ba-001,Balqhash Lake,overpass,TLWML,1551,0.459,2.7101,0.964,0.2814
Ba-001,Balqhash Lake,overpass,AvgSurfT,1551,-0.2297,3.3171,0.9519,0.3217
Ba-001,Balqhash Lake,daily_mean,TLWML,1551,0.8923,2.9719,0.9636,0.3107
Ba-001,Balqhash Lake,daily_mean,AvgSurfT,1551,0.5896,3.5024,0.9555,0.3657
On-001,Onega Lake,overpass,TLWML,1284,1.1489,2.2702,0.9817,0.3069
On-001,Onega Lake,overpass,AvgSurfT,1284,0.9895,3.009,0.9524,0.3807
On-001,Onega Lake,daily_mean,TLWML,1284,1.2471,2.3529,0.9826,0.3204
On-001,Onega Lake,daily_mean,AvgSurfT,1284,1.1378,3.0103,0.9589,0.402
Ku-001,Kuybyshevskoye Reservoir,overpass,TLWML,1204,-0.0196,2.661,0.9673,0.2933
Ku-001,Kuybyshevskoye Reservoir,overpass,AvgSurfT,1204,-0.5142,3.0281,0.9599,0.3198
Ku-001,Kuybyshevskoye Reservoir,daily_mean,TLWML,1204,0.0913,2.6174,0.9692,0.2895
Ku-001,Kuybyshevskoye Reservoir,daily_mean,AvgSurfT,1204,-0.1143,3.0261,0.965,0.3341
Ka-001,Kariba Lake,overpass,TLWML,891,-0.8574,1.8946,0.8889,0.9267
Ka-001,Kariba Lake,overpass,AvgSurfT,891,-1.2263,2.0187,0.8893,0.9839
Ka-001,Kariba Lake,daily_mean,TLWML,891,-0.7135,1.7382,0.8871,0.847
Ka-001,Kariba Lake,daily_mean,AvgSurfT,891,-0.7157,1.7361,0.8874,0.8458
Ry-001,Rybinkskoye Reservoir,overpass,TLWML,1011,0.3633,2.287,0.9686,0.2552
Ry-001,Rybinkskoye Reservoir,overpass,AvgSurfT,1011,0.3357,2.8385,0.945,0.2998
Ry-001,Rybinkskoye Reservoir,daily_mean,TLWML,1011,0.602,2.406,0.9686,0.2694
Ry-001,Rybinkskoye Reservoir,daily_mean,AvgSurfT,1011,0.7053,2.8632,0.9521,0.3194
Na-002,Nasser Reservoir,overpass,TLWML,2006,-1.037,1.6038,0.9697,0.3337
Na-002,Nasser Reservoir,overpass,AvgSurfT,2006,-1.3257,1.7358,0.9712,0.3713
Na-002,Nasser Reservoir,daily_mean,TLWML,2007,-0.4947,1.394,0.9695,0.2855
Na-002,Nasser Reservoir,daily_mean,AvgSurfT,2007,-0.4952,1.3907,0.9697,0.2848
Pe-001,Peipsi Lake,overpass,TLWML,1216,0.6266,2.2646,0.9687,0.2553
Pe-001,Peipsi Lake,overpass,AvgSurfT,1216,0.5958,2.6495,0.9493,0.2798
Pe-001,Peipsi Lake,daily_mean,TLWML,1216,0.7365,2.2208,0.9719,0.254
Pe-001,Peipsi Lake,daily_mean,AvgSurfT,1216,0.8404,2.6491,0.9559,0.2974
Si-001,Sivash Lake,overpass,TLWML,1691,0.8192,1.6631,0.9875,0.1522
Si-001,Sivash Lake,overpass,AvgSurfT,1691,0.6652,1.9198,0.9814,0.1548
Si-001,Sivash Lake,daily_mean,TLWML,1691,1.1315,1.8168,0.988,0.1723
Si-001,Sivash Lake,daily_mean,AvgSurfT,1691,1.2578,2.0176,0.9852,0.1824
Kr-001,Kremenchuk Reservoir,overpass,TLWML,1225,0.5049,1.8996,0.9797,0.1996
Kr-001,Kremenchuk Reservoir,overpass,AvgSurfT,1225,0.4086,2.2856,0.9649,0.2128
Kr-001,Kremenchuk Reservoir,daily_mean,TLWML,1225,0.865,2.0745,0.98,0.2207
Kr-001,Kremenchuk Reservoir,daily_mean,AvgSurfT,1225,1.0083,2.3828,0.9711,0.2466
Ch-003,Chany Lake,overpass,TLWML,894,-0.8129,3.1456,0.936,0.3476
Ch-003,Chany Lake,overpass,AvgSurfT,894,-1.0255,3.2922,0.9322,0.3543
Ch-003,Chany Lake,daily_mean,TLWML,894,-0.3753,3.1362,0.9404,0.3535
Ch-003,Chany Lake,daily_mean,AvgSurfT,894,-0.4224,3.2042,0.9405,0.3616
Ka-002,Kama Reservoir,overpass,TLWML,827,-0.6572,3.6951,0.9366,0.4043
Ka-002,Kama Reservoir,overpass,AvgSurfT,827,-0.8976,3.832,0.9321,0.4143
Ka-002,Kama Reservoir,daily_mean,TLWML,827,-0.5485,3.67,0.9383,0.4048
Ka-002,Kama Reservoir,daily_mean,AvgSurfT,827,-0.5964,3.806,0.9385,0.431
Kh-001,Khantayskoye Reservoir,overpass,TLWML,648,0.3099,3.1243,0.9304,0.5745
Kh-001,Khantayskoye Reservoir,overpass,AvgSurfT,648,0.209,3.3153,0.9236,0.5981
Kh-001,Khantayskoye Reservoir,daily_mean,TLWML,648,0.3944,3.1053,0.9345,0.5771
Kh-001,Khantayskoye Reservoir,daily_mean,AvgSurfT,648,0.3895,3.358,0.9261,0.6145
Vy-001,Vygozero Lake,overpass,TLWML,794,0.1357,2.778,0.9458,0.3909
Vy-001,Vygozero Lake,overpass,AvgSurfT,794,0.1481,2.7059,0.9402,0.3791
Vy-001,Vygozero Lake,daily_mean,TLWML,794,0.3355,2.7974,0.949,0.3966
Vy-001,Vygozero Lake,daily_mean,AvgSurfT,794,0.4684,2.7855,0.9455,0.3993
In-001,Inarijarvi Lake,overpass,TLWML,721,0.1357,2.345,0.9571,0.4716
In-001,Inarijarvi Lake,overpass,AvgSurfT,721,0.1555,2.3894,0.9448,0.4678
In-001,Inarijarvi Lake,daily_mean,TLWML,721,0.2066,2.3174,0.9606,0.4666
In-001,Inarijarvi Lake,daily_mean,AvgSurfT,721,0.2819,2.3739,0.9539,0.4754
Pa-001,Paijanne Lake,overpass,TLWML,972,0.3786,2.4498,0.9742,0.3378
Pa-001,Paijanne Lake,overpass,AvgSurfT,972,0.2066,2.7576,0.9638,0.37
Pa-001,Paijanne Lake,daily_mean,TLWML,973,0.4221,2.4377,0.9747,0.3377
Pa-001,Paijanne Lake,daily_mean,AvgSurfT,973,0.3341,2.8034,0.9668,0.3876
Se-001,Segozerskoye Lake,overpass,TLWML,766,0.1554,2.0404,0.9552,0.3239
Se-001,Segozerskoye Lake,overpass,AvgSurfT,766,0.1699,2.2349,0.94,0.3408
Se-001,Segozerskoye Lake,daily_mean,TLWML,766,0.2715,2.0726,0.9561,0.3308
Se-001,Segozerskoye Lake,daily_mean,AvgSurfT,766,0.3571,2.2699,0.9434,0.3545
Py-001,Pyasino Lake,overpass,TLWML,591,-0.8077,3.8389,0.8375,0.7026
Py-001,Pyasino Lake,overpass,AvgSurfT,591,-0.7078,3.6875,0.8439,0.6791
Py-001,Pyasino Lake,daily_mean,TLWML,591,-0.7055,3.7733,0.8466,0.6902
Py-001,Pyasino Lake,daily_mean,AvgSurfT,591,-0.5781,3.6217,0.8547,0.6698
De-001,Dead Sea,overpass,TLWML,1264,-2.4368,3.0176,0.9624,0.6048
De-001,Dead Sea,overpass,AvgSurfT,1264,-2.6977,3.1776,0.9621,0.6631
De-001,Dead Sea,daily_mean,TLWML,1264,-2.2882,2.8853,0.9615,0.571
De-001,Dead Sea,daily_mean,AvgSurfT,1264,-2.2896,2.8855,0.9616,0.5713
Ke-001,Keitele Lake,overpass,TLWML,737,0.3428,3.3983,0.9333,0.4749
Ke-001,Keitele Lake,overpass,AvgSurfT,737,0.3074,3.1488,0.9321,0.4373
Ke-001,Keitele Lake,daily_mean,TLWML,737,0.4469,3.3859,0.9351,0.4759
Ke-001,Keitele Lake,daily_mean,AvgSurfT,737,0.5784,3.2401,0.9404,0.473
Ga-001,Gandhi Sagar Reservoir,overpass,TLWML,1142,0.3915,1.1271,0.9632,0.2725
Ga-001,Gandhi Sagar Reservoir,overpass,AvgSurfT,1142,0.0251,0.9937,0.9643,0.2425
Ga-001,Gandhi Sagar Reservoir,daily_mean,TLWML,1143,0.9071,1.4858,0.9586,0.358
Ga-001,Gandhi Sagar Reservoir,daily_mean,AvgSurfT,1143,0.9066,1.4825,0.9589,0.3571
Na-003,Nasijarvi Lake,overpass,TLWML,794,0.2804,2.7081,0.9605,0.374
Na-003,Nasijarvi Lake,overpass,AvgSurfT,794,0.3151,2.7848,0.9504,0.3789
Na-003,Nasijarvi Lake,daily_mean,TLWML,795,0.3187,2.6766,0.9615,0.3694
Na-003,Nasijarvi Lake,daily_mean,AvgSurfT,795,0.4471,2.8292,0.9545,0.3983
Lo-001,Lokka Reservoir,overpass,TLWML,590,-0.6208,3.4556,0.8764,0.5709
Lo-001,Lokka Reservoir,overpass,AvgSurfT,590,-0.5203,3.3223,0.8743,0.5469
Lo-001,Lokka Reservoir,daily_mean,TLWML,590,-0.4939,3.4242,0.8806,0.5694
Lo-001,Lokka Reservoir,daily_mean,AvgSurfT,590,-0.347,3.288,0.8828,0.5518
Ma-002,Manyara Lake,overpass,TLWML,517,-0.1103,1.6675,0.8329,0.5054
Ma-002,Manyara Lake,overpass,AvgSurfT,517,-0.3441,1.7237,0.8293,0.5147
Ma-002,Manyara Lake,daily_mean,TLWML,517,0.4206,1.7084,0.8319,0.5498
Ma-002,Manyara Lake,daily_mean,AvgSurfT,517,0.4182,1.7091,0.8315,0.55
Ka-003,Kallavesi Lake,overpass,TLWML,687,0.0184,3.0171,0.9469,0.4032
Ka-003,Kallavesi Lake,overpass,AvgSurfT,687,0.0323,2.827,0.9473,0.3749
Ka-003,Kallavesi Lake,daily_mean,TLWML,687,0.0529,2.9783,0.9483,0.3993
Ka-003,Kallavesi Lake,daily_mean,AvgSurfT,687,0.2561,2.6579,0.9599,0.3808
Pu-001,Puula Lake,overpass,TLWML,650,0.7491,3.2345,0.9455,0.4686
Pu-001,Puula Lake,overpass,AvgSurfT,650,0.5006,3.1011,0.9426,0.4392
Pu-001,Puula Lake,daily_mean,TLWML,650,0.8554,3.2417,0.9464,0.4762
Pu-001,Puula Lake,daily_mean,AvgSurfT,650,0.8512,3.3319,0.944,0.4946
Um-001,Umbozero Lake,overpass,TLWML,688,0.8103,2.8465,0.9535,0.6195
Um-001,Umbozero Lake,overpass,AvgSurfT,688,0.9006,3.0148,0.931,0.6378
Um-001,Umbozero Lake,daily_mean,TLWML,688,0.8798,2.8825,0.9541,0.6298
Um-001,Umbozero Lake,daily_mean,AvgSurfT,688,1.0523,3.0939,0.9338,0.6637
Ho-001,Hoytiainen Lake,overpass,TLWML,673,0.5044,3.0784,0.9552,0.4735
Ho-001,Hoytiainen Lake,overpass,AvgSurfT,673,0.564,2.95,0.9486,0.4447
Ho-001,Hoytiainen Lake,daily_mean,TLWML,673,0.5123,3.0345,0.9562,0.4685
Ho-001,Hoytiainen Lake,daily_mean,AvgSurfT,673,0.6969,2.9066,0.9578,0.4575
Ya-001,Yanisyarvi Lake,overpass,TLWML,669,0.0614,2.737,0.9597,0.377
Ya-001,Yanisyarvi Lake,overpass,AvgSurfT,669,0.0282,2.712,0.9536,0.367
Ya-001,Yanisyarvi Lake,daily_mean,TLWML,669,0.1787,2.7153,0.9619,0.3822
Ya-001,Yanisyarvi Lake,daily_mean,AvgSurfT,669,0.3297,2.7121,0.9592,0.3884
Ma-003,Malye Chany Lake,overpass,TLWML,682,-0.2127,3.1932,0.9301,0.3354
Ma-003,Malye Chany Lake,overpass,AvgSurfT,682,-0.3832,3.1267,0.9229,0.3143
Ma-003,Malye Chany Lake,daily_mean,TLWML,682,0.1244,3.2163,0.9326,0.3595
Ma-003,Malye Chany Lake,daily_mean,AvgSurfT,682,0.2322,3.2897,0.9254,0.3697
Ni-001,Nilakka Lake,overpass,TLWML,592,-0.0785,3.0225,0.9311,0.4135
Ni-001,Nilakka Lake,overpass,AvgSurfT,592,-0.0026,2.7817,0.9321,0.3753
Ni-001,Nilakka Lake,daily_mean,TLWML,592,-0.0285,2.9647,0.9336,0.4026
Ni-001,Nilakka Lake,daily_mean,AvgSurfT,592,0.1865,2.6426,0.9442,0.3747
Va-001,Vanajavesi Lake,overpass,TLWML,676,0.2113,3.2919,0.9528,0.4536
Va-001,Vanajavesi Lake,overpass,AvgSurfT,676,-0.0076,3.3187,0.9407,0.4485
Va-001,Vanajavesi Lake,daily_mean,TLWML,676,0.354,3.2986,0.9546,0.4622
Va-001,Vanajavesi Lake,daily_mean,AvgSurfT,676,0.4275,3.5676,0.9432,0.501
La-001,Lappajarvi Lake,overpass,TLWML,676,0.1314,3.3824,0.9326,0.4634
La-001,Lappajarvi Lake,overpass,AvgSurfT,676,0.0229,3.1534,0.9369,0.429
La-001,Lappajarvi Lake,daily_mean,TLWML,676,0.2318,3.3802,0.9346,0.4676
La-001,Lappajarvi Lake,daily_mean,AvgSurfT,676,0.2959,3.24,0.9431,0.4634
Fi-001,Fitri Lake,overpass,TLWML,874,1.5793,1.9985,0.9471,0.5518
Fi-001,Fitri Lake,overpass,AvgSurfT,874,1.2508,1.8052,0.9452,0.4862
Fi-001,Fitri Lake,daily_mean,TLWML,874,2.5716,2.8314,0.9484,0.8295
Fi-001,Fitri Lake,daily_mean,AvgSurfT,874,2.5707,2.8315,0.9482,0.8293
Vu-001,Vuohijarvi Lake,overpass,TLWML,574,0.786,3.2149,0.9473,0.4761
Vu-001,Vuohijarvi Lake,overpass,AvgSurfT,574,0.6875,3.2014,0.9337,0.4609
Vu-001,Vuohijarvi Lake,daily_mean,TLWML,574,0.8822,3.2446,0.947,0.4832
Vu-001,Vuohijarvi Lake,daily_mean,AvgSurfT,574,1.0685,3.436,0.9359,0.5134
Su-001,Sua Pan Lake,overpass,TLWML,1377,0.2517,1.7531,0.9372,0.3348
Su-001,Sua Pan Lake,overpass,AvgSurfT,1377,-0.2654,1.887,0.9355,0.3387
Su-001,Sua Pan Lake,daily_mean,TLWML,1377,0.8208,1.8763,0.94,0.382
Su-001,Sua Pan Lake,daily_mean,AvgSurfT,1377,0.8178,1.879,0.9396,0.3822
Et-001,Etosha Pan Lake,overpass,TLWML,549,1.4014,2.0716,0.9384,0.486
Et-001,Etosha Pan Lake,overpass,AvgSurfT,549,1.1988,1.9845,0.9367,0.4599
Et-001,Etosha Pan Lake,daily_mean,TLWML,549,2.1104,2.5802,0.9379,0.6289
Et-001,Etosha Pan Lake,daily_mean,AvgSurfT,549,2.1112,2.5833,0.9375,0.6295
Tu-002,Tuz Lake,overpass,TLWML,1677,-0.37,2.1359,0.972,0.2241
Tu-002,Tuz Lake,overpass,AvgSurfT,1677,-0.6479,2.4195,0.9679,0.2545
Tu-002,Tuz Lake,daily_mean,TLWML,1678,0.1961,1.975,0.9747,0.1986
Tu-002,Tuz Lake,daily_mean,AvgSurfT,1678,0.2659,2.0553,0.9732,0.2036
Ko-001,Koitere Lake,overpass,TLWML,596,-0.5977,3.4836,0.906,0.4724
Ko-001,Koitere Lake,overpass,AvgSurfT,596,-0.6485,3.3273,0.9064,0.45
Ko-001,Koitere Lake,daily_mean,TLWML,596,-0.4677,3.4365,0.9092,0.4729
Ko-001,Koitere Lake,daily_mean,AvgSurfT,596,-0.2956,3.1489,0.9192,0.4492
Ro-002,Roine Lake (also covers Mallasvesi Lake),overpass,TLWML,704,0.4052,3.0226,0.9571,0.4159
Ro-002,Roine Lake (also covers Mallasvesi Lake),overpass,AvgSurfT,704,0.2412,2.9158,0.9504,0.3962
Ro-002,Roine Lake (also covers Mallasvesi Lake),daily_mean,TLWML,704,0.5294,3.0202,0.9588,0.422
Ro-002,Roine Lake (also covers Mallasvesi Lake),daily_mean,AvgSurfT,704,0.6196,3.1754,0.9515,0.4464
Su-002,Sulunga Lake,overpass,TLWML,710,-0.6822,1.4918,0.8866,0.4604
Su-002,Sulunga Lake,overpass,AvgSurfT,710,-0.9522,1.6772,0.8825,0.5295
Su-002,Sulunga Lake,daily_mean,TLWML,710,-0.2852,1.3209,0.8908,0.4029
Su-002,Sulunga Lake,daily_mean,AvgSurfT,710,-0.2864,1.3233,0.8904,0.4036
Mi-001,Miekojarvi Lake,overpass,TLWML,506,-0.9267,4.2456,0.8972,0.673
Mi-001,Miekojarvi Lake,overpass,AvgSurfT,506,-0.878,4.1163,0.8781,0.6482
Mi-001,Miekojarvi Lake,daily_mean,TLWML,506,-0.7776,4.238,0.8996,0.6806
Mi-001,Miekojarvi Lake,daily_mean,AvgSurfT,506,-0.5326,4.1666,0.8855,0.6844
Ko-002,Kostonjarvi Lake,overpass,TLWML,476,-0.3626,3.9768,0.8794,0.6338
Ko-002,Kostonjarvi Lake,overpass,AvgSurfT,476,-0.2073,3.5439,0.8879,0.5595
Ko-002,Kostonjarvi Lake,daily_mean,TLWML,476,-0.2888,3.9465,0.8819,0.6333
Ko-002,Kostonjarvi Lake,daily_mean,AvgSurfT,476,-0.0453,3.557,0.8971,0.5826
Nu-001,Nuasjarvi Lake,overpass,TLWML,609,-0.7069,3.7865,0.8926,0.542
Nu-001,Nuasjarvi Lake,overpass,AvgSurfT,609,-0.8086,3.6494,0.897,0.5145
Nu-001,Nuasjarvi Lake,daily_mean,TLWML,609,-0.6827,3.7449,0.8942,0.5348
Nu-001,Nuasjarvi Lake,daily_mean,AvgSurfT,609,-0.6963,3.7096,0.9003,0.5378
Zz-001,Zzzz Lake,overpass,TLWML,482,-0.3278,3.5981,0.8991,0.5541
Zz-001,Zzzz Lake,overpass,AvgSurfT,482,-0.3585,3.426,0.899,0.5177
Zz-001,Zzzz Lake,daily_mean,TLWML,482,-0.2976,3.5537,0.901,0.5496
Zz-001,Zzzz Lake,daily_mean,AvgSurfT,482,-0.2284,3.4661,0.9036,0.5429
Al-001,Alvajarvi Lake,overpass,TLWML,481,-0.3529,3.5886,0.9146,0.4763
Al-001,Alvajarvi Lake,overpass,AvgSurfT,481,-0.5059,3.3769,0.919,0.4364
Al-001,Alvajarvi Lake,daily_mean,TLWML,481,-0.3048,3.5535,0.916,0.4742
Al-001,Alvajarvi Lake,daily_mean,AvgSurfT,481,-0.291,3.5013,0.9206,0.4722
Py-002,Pyhajarvi2 Lake,overpass,TLWML,505,-0.3657,3.2777,0.9245,0.4265
Py-002,Pyhajarvi2 Lake,overpass,AvgSurfT,505,-0.2765,2.8942,0.9333,0.3822
Py-002,Pyhajarvi2 Lake,daily_mean,TLWML,505,-0.3262,3.2336,0.926,0.4197
Py-002,Pyhajarvi2 Lake,daily_mean,AvgSurfT,505,-0.1053,2.8851,0.9376,0.3958
Ka-004,Kangasjarvi Lake,overpass,TLWML,414,-0.5224,3.9069,0.8958,0.4552
Ka-004,Kangasjarvi Lake,overpass,AvgSurfT,414,-0.666,3.7297,0.8988,0.4275
Ka-004,Kangasjarvi Lake,daily_mean,TLWML,414,-0.5028,3.8414,0.8974,0.4436
Ka-004,Kangasjarvi Lake,daily_mean,AvgSurfT,414,-0.4685,3.698,0.9079,0.4364
Py-003,Pyhajarvi Lake,overpass,TLWML,562,0.3499,3.3317,0.9551,0.4612
Py-003,Pyhajarvi Lake,overpass,AvgSurfT,562,0.1192,3.5009,0.9353,0.4661
Py-003,Pyhajarvi Lake,daily_mean,TLWML,562,0.4655,3.3287,0.9567,0.4663
Py-003,Pyhajarvi Lake,daily_mean,AvgSurfT,562,0.5043,3.7197,0.9398,0.5201
Ur-002,Urajarvi Lake,overpass,TLWML,442,-0.2727,3.3969,0.9469,0.4265
Ur-002,Urajarvi Lake,overpass,AvgSurfT,442,-0.4917,3.2462,0.9456,0.3908
Ur-002,Urajarvi Lake,daily_mean,TLWML,442,-0.2305,3.319,0.9488,0.4183
Ur-002,Urajarvi Lake,daily_mean,AvgSurfT,442,-0.2487,3.4788,0.9456,0.4372
To-003,Torrens Lake,overpass,TLWML,701,-0.3475,2.2333,0.9449,0.3039
To-003,Torrens Lake,overpass,AvgSurfT,701,-0.5784,2.3589,0.9422,0.3179
To-003,Torrens Lake,daily_mean,TLWML,701,0.2385,2.026,0.9529,0.2907
To-003,Torrens Lake,daily_mean,AvgSurfT,701,0.2368,2.0332,0.9525,0.2915
Ga-002,Gairdner Lake,overpass,TLWML,1192,0.0579,2.1902,0.944,0.3319
Ga-002,Gairdner Lake,overpass,AvgSurfT,1192,-0.1333,2.2688,0.9421,0.3415
Ga-002,Gairdner Lake,daily_mean,TLWML,1192,0.6452,2.0292,0.9543,0.3174
Ga-002,Gairdner Lake,daily_mean,AvgSurfT,1192,0.6408,2.0364,0.9538,0.3184
Sa-001,Salinas Grandes Lake,overpass,TLWML,986,0.7201,2.2562,0.9579,0.2985
Sa-001,Salinas Grandes Lake,overpass,AvgSurfT,986,0.4504,2.2726,0.9556,0.3018
Sa-001,Salinas Grandes Lake,daily_mean,TLWML,986,1.0501,2.3948,0.9564,0.3187
Sa-001,Salinas Grandes Lake,daily_mean,AvgSurfT,986,1.043,2.411,0.9554,0.321
