site_id,cci_lake_id,lake_name,country,lat,lon,which_surface,start_date,end_date,site_years,forcing_source,portal_job_id,status,notes
Ld-001,000000016,Lake Ladoga,Russia,60.765,31.648,lake,2017-01-01,2023-01-01,2017-2022,oper,20260904T120600_Ld-001,run_complete_spunup,"Benchmark period is 2017-2022 (6 full calendar years); forcing runs through 2023-01-01 00:00 as the boundary instant ecLand needs to drive the last timestep. Physiography/init (surfclim/surfinit, which do not depend on end_date) staged from portal job 20260904T120600_Ld-001 -- a physiography-only rerun -- relabelled from its 2017-2026 placeholder via 'stage_portal_job.sh --years 2017-2022'. Forcing is sourced as daily 'oper' GRIB tarballs from ECFS via scripts/get_forcing_ecfs.sh -- full 2017-2022 raw GRIB (2192 days, 4.2 TB) downloaded 2026-09-04/05. Point-extracted per year (2017-2022, 5 jobs in parallel for 2018-2022) then joined into one file with scripts/merge_yearly_forcing.py (52585 hourly steps, no gaps/NaNs). Validated: 10-day smoke test; a full-year (2017) spin-up check with NLOOP=8 (end-of-year FLake state converges within 2-3 loops, loop7->8 delta <0.0006 K); a full 2017-2022 cold-start single-pass run (kept at output/Ld-001_2017-2022/ for comparison -- AvgSurfT differs from the spun-up run by 0.033K at end of 2017, 0.003K at end of 2018, identical from 2019 on); AND the SCORED run at output_spunup/Ld-001_2017-2022/, seeded from the spin-up's loop-8 restartout.nc (via clim/CCI_LAKES_spunup/) instead of ecland-portal's cold-start surfinit/surfclim -- ~2 min wall clock, ecland-master-dp, AvgSurfT in [253,295]K throughout, ~23% of hours under ice, stable year-to-year variability, no drift, no residual cold-start transient. MUST use /perm/pad/ecland/build/bin/ecland-master-dp, not /perm/pad/ecland-build/bin/ecland-master -- see README Known issues, the latter silently freezes lake state to a constant default with no error. Next: postproc_lake.py + benchmark_lake.py once ESA-CCI-Lakes obs are sourced."
Br-001,000001248,Lake Baringo,Kenya,0.6334,36.0750,lake,2017-01-01,2023-01-01,2017-2022,oper,20260905T101244_Br-001,run_complete_spunup,"Full pipeline (physiography -> per-year forcing -> merge -> namelist -> spin-up -> scored run) run via scripts/run_lake_pipeline.sh Br-001 0.6334 36.0750, NLOOP=8 default. Spin-up CONVERGED INSTANTLY (loop1->2 delta=0.00000 across all FLake variables) -- shallow (LDEPTH=3.0m), near-equatorial (0.63N), effectively no seasonal cycle to spin up from. Scored run: AvgSurfT 298.9-304.7K (25.8-31.6C), no ice, HLML 0.7-3.0m -- physically correct for an equatorial rift-valley lake."
Ch-001,000000256,Lake Chilwa,Malawi;Mozambique,-15.2834,35.7000,lake,2017-01-01,2023-01-01,2017-2022,oper,20260905T101245_Ch-001,run_complete_spunup,"Same pipeline as Br-001. Spin-up converged instantly (loop1->2 delta=0.00000) -- shallow (LDEPTH=1.0m). Scored run: AvgSurfT 290.2-306.5K (17.0-33.4C, widest range of the six candidates -- endorheic shallow lake with large seasonal swing), no ice."
Ky-001,100000013,Lake Kyoga,Uganda,1.5833,32.8792,lake,2017-01-01,2023-01-01,2017-2022,oper,20260905T101245_Ky-001,run_complete_spunup,"Same pipeline. Spin-up converged within 2 loops (loop1->2 delta=1.147K, loop2->3 delta=0.00000 -- one correction then locked). Scored run: AvgSurfT 297.9-305.0K (24.7-31.9C), no ice."
Mw-001,000000119,Lake Mweru Wantipa,Zambia,-8.7250,29.7209,lake,2017-01-01,2023-01-01,2017-2022,oper,20260905T101245_Mw-001,run_complete_spunup,"Same pipeline. Spin-up converged instantly (loop1->2 delta=0.00000) -- shallow (LDEPTH=1.0m). Scored run: AvgSurfT 293.2-305.7K (20.1-32.6C), no ice."
Ta-001,000000055,Lake Tana,Ethiopia,11.9542,37.3084,lake,2017-01-01,2023-01-01,2017-2022,oper,20260905T101245_Ta-001,run_complete_spunup,"IMPORTANT: default NLOOP=8 was NOT enough here -- TLBOT kept drifting colder with a GROWING per-loop delta (0.51K at loop2 up to 0.87K at loop8, i.e. still accelerating, not decaying). Re-ran spin-up with NLOOP=40: TLBOT decays smoothly through loop 15, then LOCKS to an exact fixed point from loop 16 onward (delta=0.00000, loops 16-40 identical to 5 decimal places) -- a genuine, if unusually shaped, convergence, not a runaway. Scored run re-seeded from the loop-40 (fully converged) restart, not the original loop-8 attempt. Result: AvgSurfT 289.1-301.8K (16.0-28.6C) with real seasonal range (highland Ethiopia, 1783m), TLBOT rock-stable at 277.13-277.23K, no ice. LESSON: always check scripts/check_spinup_convergence.py's actual trend before accepting NLOOP=8 -- a lake deep enough to stratify (here LDEPTH=10m) can need far more loops, and the failure mode (still-growing delta) looks nothing like Ladoga's smoothly-decaying one, so eyeball the numbers, don't just check whether delta is small at the last loop shown."
Vi-001,000000003,Lake Victoria,Tanzania;Uganda;Kenya,-1.2625,33.2334,lake,2017-01-01,2023-01-01,2017-2022,oper,20260905T101245_Vi-001,run_complete_spunup_not_fully_converged,"IMPORTANT, UNRESOLVED: at LDEPTH=70m (by far the deepest candidate), spin-up does NOT converge within any loop count tried. Checked out to 65 loops (see repo_scaffold memory for the full per-loop trace): TLBOT increases by a near-CONSTANT ~0.065-0.066 K every single loop from loop 2 through loop 65, with NO decay -- a sustained linear drift, not an exponential approach to equilibrium (contrast Tana's clearly-decaying-then-locking pattern). Plausibly reflects real, very-long deep-water equilibration timescales for a lake this large/deep, poorly suited to a 'repeat one identical year' spin-up technique. HOWEVER: the near-surface state that matters for LSWT benchmarking (AvgSurfT, TLWML) drifts ~17x slower than TLBOT (~0.004-0.005 K/loop, also not fully decaying but far smaller in absolute terms) -- so this mostly affects the deep bottom-water diagnostic, not the satellite-comparable surface temperature. Scored run seeded from a 40-loop state as a pragmatic, DOCUMENTED-CAVEAT choice, not a fully-converged one. Result (still physically sane): AvgSurfT 295.9-302.3K (22.7-29.2C), no ice, HLML 0.8-11.4m. Revisit if TLBOT/deep-water fidelity turns out to matter for this lake's specific benchmarking use case -- e.g. by using a real multi-year forcing sequence to spin up instead of one repeated year, rather than more loops of the same year."
Ra-001,000000173,Razazza Lake,Iraq,32.8084,43.6392,lake,2017-01-01,2023-01-01,2017-2022,oper,20260914T215719_Ra-001,run_complete_spunup,"From Margarita Choulga's ESA CCI Lakes list (2026-09-14), CCI id 000000173, analysis hour 06. lat/lon is the bounding-box centroid (N 33.1375, S 32.4792, W 43.3708, E 43.9076) -- not a validated single point; elevation/area/depth not supplied by this source, confirm against ecland-portal's own physiography once staged. | Campaign: LDEPTH=18.00m, NLOOP=40, final max_delta=0.0."
Ur-001,000000034,Urmia Lake,IslamicRepublicOfIran,37.644,45.4834,lake,2017-01-01,2023-01-01,2017-2022,oper,20260914T215726_Ur-001,run_complete_spunup,"From Margarita Choulga's ESA CCI Lakes list (2026-09-14), CCI id 000000034, analysis hour 06. lat/lon is the bounding-box centroid (N 38.3125, S 36.9754, W 44.9542, E 46.0125) -- not a validated single point; elevation/area/depth not supplied by this source, confirm against ecland-portal's own physiography once staged. | Campaign: LDEPTH=5.36m, NLOOP=40, final max_delta=0.0."
Ro-001,000000274,Roseires Reservoir,Sudan,11.5208,34.6291,lake,2017-01-01,2023-01-01,2017-2022,oper,20260914T220042_Ro-001,run_complete_spunup_not_fully_converged,"From Margarita Choulga's ESA CCI Lakes list (2026-09-14), CCI id 000000274, analysis hour 06. lat/lon is the bounding-box centroid (N 11.8458, S 11.1958, W 34.2875, E 34.9708) -- not a validated single point; elevation/area/depth not supplied by this source, confirm against ecland-portal's own physiography once staged. | Campaign: LDEPTH=41.96m, NLOOP=40, final max_delta=0.0."
Te-001,000000120,Tengiz Lake,Kazakhstan,50.4607,69.1303,lake,2017-01-01,2023-01-01,2017-2022,oper,20260914T220042_Te-001,run_complete_spunup,"From Margarita Choulga's ESA CCI Lakes list (2026-09-14), CCI id 000000120, analysis hour 06. lat/lon is the bounding-box centroid (N 50.7542, S 50.1671, W 68.6208, E 69.6398) -- not a validated single point; elevation/area/depth not supplied by this source, confirm against ecland-portal's own physiography once staged. | Campaign: LDEPTH=5.00m, NLOOP=40, final max_delta=0.0 (corrected from a run_campaign.py parsing bug, see scripts/run_campaign.py history)."
Il-001,000000192,Ilmen Lake,RussianFederation,58.2917,31.3,lake,2017-01-01,2023-01-01,2017-2022,oper,20260914T220042_Il-001,run_complete_spunup,"From Margarita Choulga's ESA CCI Lakes list (2026-09-14), CCI id 000000192, analysis hour 06. lat/lon is the bounding-box centroid (N 58.5375, S 58.0458, W 30.8125, E 31.7875) -- not a validated single point; elevation/area/depth not supplied by this source, confirm against ecland-portal's own physiography once staged. | Re-run 2026-09-24 with the T_mnw nudging off (namelist_ecland_lake_nonudge, raw portal physiography): the earlier result used the default namelist, where nudging towards the lake's own temperature blows shallow lakes up or, with landsea=1, pins them to a constant (README, Shallow-lake blow-up). | Campaign: LDEPTH=3.00m, NLOOP=8, final max_delta=0.0."
Ha-001,000000738,Habbaniyah Lake,Iraq,33.3043,43.4402,lake,2017-01-01,2023-01-01,2017-2022,oper,20260914T220043_Ha-001,run_complete_spunup,"From Margarita Choulga's ESA CCI Lakes list (2026-09-14), CCI id 000000738, analysis hour 06. lat/lon is the bounding-box centroid (N 33.4312, S 33.1775, W 43.2795, E 43.6009) -- not a validated single point; elevation/area/depth not supplied by this source, confirm against ecland-portal's own physiography once staged. | Campaign: LDEPTH=21.32m, NLOOP=40, final max_delta=0.0."
Na-001,000000322,Natron Lake,UnitedRepublicOfTanzania;Kenya,-2.35,36.0125,lake,2017-01-01,2023-01-01,2017-2022,oper,20260914T220043_Na-001,run_complete_spunup,"From Margarita Choulga's ESA CCI Lakes list (2026-09-14), CCI id 000000322, analysis hour 06. lat/lon is the bounding-box centroid (N -2.0625, S -2.6375, W 35.8542, E 36.1708) -- not a validated single point; elevation/area/depth not supplied by this source, confirm against ecland-portal's own physiography once staged. | Re-run 2026-09-24 with the T_mnw nudging off (namelist_ecland_lake_nonudge, raw portal physiography): the earlier result used the default namelist, where nudging towards the lake's own temperature blows shallow lakes up or, with landsea=1, pins them to a constant (README, Shallow-lake blow-up). | Campaign: LDEPTH=3.00m, NLOOP=8, final max_delta=0.0."
To-001,200000006,Lake Toshka Lakes,Egypt,23.2962,30.8599,lake,2017-01-01,2023-01-01,2017-2022,oper,20260914T220043_To-001,run_complete_spunup,"From Margarita Choulga's ESA CCI Lakes list (2026-09-14), CCI id 200000006, analysis hour 06. lat/lon is the bounding-box centroid (N 23.6304, S 22.9619, W 30.2893, E 31.4305) -- not a validated single point; elevation/area/depth not supplied by this source, confirm against ecland-portal's own physiography once staged. | Campaign: LDEPTH=6.21m, NLOOP=40, final max_delta=0.0."
Ou-001,000000202,Oulujarvi Lake,Finland,64.336,27.3742,lake,2017-01-01,2023-01-01,2017-2022,oper,20260914T220044_Ou-001,run_complete_spunup,"From Margarita Choulga's ESA CCI Lakes list (2026-09-14), CCI id 000000202, analysis hour 06. lat/lon is the bounding-box centroid (N 64.5599, S 64.1121, W 26.7129, E 28.0354) -- not a validated single point; elevation/area/depth not supplied by this source, confirm against ecland-portal's own physiography once staged. | Re-run 2026-09-24 with the T_mnw nudging off (namelist_ecland_lake_nonudge, raw portal physiography): the earlier result used the default namelist, where nudging towards the lake's own temperature blows shallow lakes up or, with landsea=1, pins them to a constant (README, Shallow-lake blow-up). | Campaign: LDEPTH=3.72m, NLOOP=40, final max_delta=0.0."
Tu-001,000000022,Turkana Lake,Kenya;Ethiopia,3.5209,36.2666,lake,2017-01-01,2023-01-01,2017-2022,oper,20260914T220047_Tu-001,run_complete_spunup,"From Margarita Choulga's ESA CCI Lakes list (2026-09-14), CCI id 000000022, analysis hour 06. lat/lon is the bounding-box centroid (N 4.6875, S 2.3542, W 35.7875, E 36.7458) -- not a validated single point; elevation/area/depth not supplied by this source, confirm against ecland-portal's own physiography once staged. | Campaign: LDEPTH=33.00m, NLOOP=40, final max_delta=0.0."
Th-001,000000077,Therthar Lake,Iraq,34.1013,43.2759,lake,2017-01-01,2023-01-01,2017-2022,oper,20260914T220047_Th-001,run_complete_spunup,"From Margarita Choulga's ESA CCI Lakes list (2026-09-14), CCI id 000000077, analysis hour 06. lat/lon is the bounding-box centroid (N 34.5567, S 33.6458, W 43.0042, E 43.5477) -- not a validated single point; elevation/area/depth not supplied by this source, confirm against ecland-portal's own physiography once staged. | Campaign: LDEPTH=10.10m, NLOOP=40, final max_delta=0.0."
Ma-001,000000010,Malawi Lake,Malawi;UnitedRepublicOfTanzania;Mozambique,-11.9709,34.5917,lake,2017-01-01,2023-01-01,2017-2022,oper,20260914T220048_Ma-001,run_complete_spunup_not_fully_converged,"From Margarita Choulga's ESA CCI Lakes list (2026-09-14), CCI id 000000010, analysis hour 06. lat/lon is the bounding-box centroid (N -9.4542, S -14.4875, W 33.8542, E 35.3292) -- not a validated single point; elevation/area/depth not supplied by this source, confirm against ecland-portal's own physiography once staged. | Campaign: LDEPTH=250.00m, NLOOP=40, final max_delta=0.03995."
Ru-001,100000011,Rukwa Lake,UnitedRepublicOfTanzania,-7.9542,32.2334,lake,2017-01-01,2023-01-01,2017-2022,oper,20260914T220043_Ru-001,run_complete_spunup,"From Margarita Choulga's ESA CCI Lakes list (2026-09-14), CCI id 100000011, analysis hour 06. lat/lon is the bounding-box centroid (N -7.3542, S -8.5542, W 31.4875, E 32.9792) -- not a validated single point; elevation/area/depth not supplied by this source, confirm against ecland-portal's own physiography once staged. | Re-run 2026-09-24 with the T_mnw nudging off (namelist_ecland_lake_nonudge, raw portal physiography): the earlier result used the default namelist, where nudging towards the lake's own temperature blows shallow lakes up or, with landsea=1, pins them to a constant (README, Shallow-lake blow-up). | Campaign: LDEPTH=1.13m, NLOOP=8, final max_delta=0.0."
Ra-002,000001149,Rann Of Kutch Lake,India;Pakistan,23.9125,70.725,lake,2017-01-01,2023-01-01,2017-2022,oper,20260914T220043_Ra-002,run_complete_spunup,"From Margarita Choulga's ESA CCI Lakes list (2026-09-14), CCI id 000001149, analysis hour 06. lat/lon is the bounding-box centroid (N 24.7542, S 23.0708, W 69.6792, E 71.7708) -- not a validated single point; elevation/area/depth not supplied by this source, confirm against ecland-portal's own physiography once staged. | Re-run 2026-09-24 with the T_mnw nudging off (namelist_ecland_lake_nonudge, raw portal physiography): the earlier result used the default namelist, where nudging towards the lake's own temperature blows shallow lakes up or, with landsea=1, pins them to a constant (README, Shallow-lake blow-up). | Campaign: LDEPTH=1.00m, NLOOP=8, final max_delta=0.0."
To-002,000000064,Tonle Sap Lake,Cambodia,12.8125,104.1458,lake,2017-01-01,2023-01-01,2017-2022,oper,20260914T220047_To-002,run_complete_spunup,"From Margarita Choulga's ESA CCI Lakes list (2026-09-14), CCI id 000000064, analysis hour 06. lat/lon is the bounding-box centroid (N 13.2958, S 12.3292, W 103.6375, E 104.6542) -- not a validated single point; elevation/area/depth not supplied by this source, confirm against ecland-portal's own physiography once staged. | Re-run 2026-09-24 with the T_mnw nudging off (namelist_ecland_lake_nonudge, raw portal physiography): the earlier result used the default namelist, where nudging towards the lake's own temperature blows shallow lakes up or, with landsea=1, pins them to a constant (README, Shallow-lake blow-up). | Campaign: LDEPTH=1.53m, NLOOP=8, final max_delta=0.0."
Ar-001,000000004,Aral Sea,Uzbekistan;Kazakhstan,45.3822,59.8631,lake,2017-01-01,2023-01-01,2017-2022,oper,20260914T215726_Ar-001,run_complete_spunup,"From Margarita Choulga's ESA CCI Lakes list (2026-09-14), CCI id 000000004, analysis hour 06. lat/lon is the bounding-box centroid (N 46.8208, S 43.9437, W 58.1708, E 61.5553) -- not a validated single point; elevation/area/depth not supplied by this source, confirm against ecland-portal's own physiography once staged. | Re-run 2026-09-24 with the T_mnw nudging off (namelist_ecland_lake_nonudge, raw portal physiography): the earlier result used the default namelist, where nudging towards the lake's own temperature blows shallow lakes up or, with landsea=1, pins them to a constant (README, Shallow-lake blow-up). | Campaign: LDEPTH=1.00m, NLOOP=8, final max_delta=0.0."
Pi-001,000000195,Pielinen Lake,Finland,63.2129,29.6644,lake,,,,,20260914T220044_Pi-001,run_complete_spunup,"From Margarita Choulga's ESA CCI Lakes list (2026-09-14), CCI id 000000195, analysis hour 06. lat/lon is the bounding-box centroid (N 63.5607, S 62.8651, W 29.0382, E 30.2906) -- not a validated single point; elevation/area/depth not supplied by this source, confirm against ecland-portal's own physiography once staged. | Re-run 2026-09-24 with the T_mnw nudging off (namelist_ecland_lake_nonudge, raw portal physiography): the earlier result used the default namelist, where nudging towards the lake's own temperature blows shallow lakes up or, with landsea=1, pins them to a constant (README, Shallow-lake blow-up). | Campaign: LDEPTH=2.39m, NLOOP=8, final max_delta=0.0."
Ch-002,000000014,Chad Lake,Nigeria;Niger;Chad,13.3417,14.2708,lake,2017-01-01,2023-01-01,2017-2022,oper,20260914T220048_Ch-002,run_complete_spunup,"From Margarita Choulga's ESA CCI Lakes list (2026-09-14), CCI id 000000014, analysis hour 06. lat/lon is the bounding-box centroid (N 14.2375, S 12.4458, W 13.1708, E 15.3708) -- not a validated single point; elevation/area/depth not supplied by this source, confirm against ecland-portal's own physiography once staged. | Campaign: LDEPTH=5.00m, NLOOP=40, final max_delta=0.0."
Ba-001,000000017,Balqhash Lake,Kazakhstan,45.9083,76.3209,lake,2017-01-01,2023-01-01,2017-2022,oper,20260914T220048_Ba-001,run_complete_spunup,"From Margarita Choulga's ESA CCI Lakes list (2026-09-14), CCI id 000000017, analysis hour 06. lat/lon is the bounding-box centroid (N 46.8708, S 44.9458, W 73.3625, E 79.2792) -- not a validated single point; elevation/area/depth not supplied by this source, confirm against ecland-portal's own physiography once staged. | Campaign: LDEPTH=5.00m, NLOOP=40, final max_delta=0.0."
On-001,000000018,Onega Lake,RussianFederation,61.9045,35.3451,lake,2017-01-01,2023-01-01,2017-2022,oper,20260914T220048_On-001,run_complete_spunup,"From Margarita Choulga's ESA CCI Lakes list (2026-09-14), CCI id 000000018, analysis hour 06. lat/lon is the bounding-box centroid (N 62.9259, S 60.8831, W 34.208, E 36.4821) -- not a validated single point; elevation/area/depth not supplied by this source, confirm against ecland-portal's own physiography once staged. | Campaign: LDEPTH=20.61m, NLOOP=40, final max_delta=0.00021."
Ku-001,000000033,Kuybyshevskoye Reservoir,RussianFederation,54.5333,49.5833,lake,2017-01-01,2023-01-01,2017-2022,oper,20260914T220049_Ku-001,run_complete_spunup,"From Margarita Choulga's ESA CCI Lakes list (2026-09-14), CCI id 000000033, analysis hour 06. lat/lon is the bounding-box centroid (N 55.8458, S 53.2208, W 48.3125, E 50.8542) -- not a validated single point; elevation/area/depth not supplied by this source, confirm against ecland-portal's own physiography once staged. | Campaign: LDEPTH=5.00m, NLOOP=40, final max_delta=0.00089."
Ka-001,000000035,Kariba Lake,Zimbabwe;Zambia,-17.225,28.0333,lake,2017-01-01,2023-01-01,2017-2022,oper,20260914T220049_Ka-001,run_complete_spunup_not_fully_converged,"From Margarita Choulga's ESA CCI Lakes list (2026-09-14), CCI id 000000035, analysis hour 06. lat/lon is the bounding-box centroid (N -16.4292, S -18.0208, W 26.9792, E 29.0875) -- not a validated single point; elevation/area/depth not supplied by this source, confirm against ecland-portal's own physiography once staged. | Campaign: LDEPTH=14.00m, NLOOP=40, final max_delta=0.01825."
Ry-001,000000047,Rybinkskoye Reservoir,RussianFederation,58.4791,38.1209,lake,2017-01-01,2023-01-01,2017-2022,oper,20260914T220049_Ry-001,run_complete_spunup,"From Margarita Choulga's ESA CCI Lakes list (2026-09-14), CCI id 000000047, analysis hour 06. lat/lon is the bounding-box centroid (N 59.2208, S 57.7375, W 37.0792, E 39.1625) -- not a validated single point; elevation/area/depth not supplied by this source, confirm against ecland-portal's own physiography once staged. | Campaign: LDEPTH=1.24m, NLOOP=8, final max_delta=0.0."
Na-002,000000048,Nasser Reservoir,Sudan;Egypt,22.8084,32.1591,lake,2017-01-01,2023-01-01,2017-2022,oper,20260914T220052_Na-002,run_complete_spunup,"From Margarita Choulga's ESA CCI Lakes list (2026-09-14), CCI id 000000048, analysis hour 06. lat/lon is the bounding-box centroid (N 24.0792, S 21.5375, W 31.0307, E 33.2875) -- not a validated single point; elevation/area/depth not supplied by this source, confirm against ecland-portal's own physiography once staged. | Campaign: LDEPTH=22.10m, NLOOP=40, final max_delta=0.0."
Pe-001,000000050,Peipsi Lake,RussianFederation;Estonia,58.425,27.6042,lake,2017-01-01,2023-01-01,2017-2022,oper,20260914T220052_Pe-001,run_complete_spunup,"From Margarita Choulga's ESA CCI Lakes list (2026-09-14), CCI id 000000050, analysis hour 06. lat/lon is the bounding-box centroid (N 59.0708, S 57.7792, W 26.9125, E 28.2958) -- not a validated single point; elevation/area/depth not supplied by this source, confirm against ecland-portal's own physiography once staged. | Campaign: LDEPTH=4.78m, NLOOP=40, final max_delta=0.0."
Si-001,000000085,Sivash Lake,Ukraine,45.775,34.5583,lake,2017-01-01,2023-01-01,2017-2022,oper,20260914T220053_Si-001,run_complete_spunup,"From Margarita Choulga's ESA CCI Lakes list (2026-09-14), CCI id 000000085, analysis hour 06. lat/lon is the bounding-box centroid (N 46.3292, S 45.2208, W 33.6125, E 35.5042) -- not a validated single point; elevation/area/depth not supplied by this source, confirm against ecland-portal's own physiography once staged. | Campaign: LDEPTH=1.00m, NLOOP=8, final max_delta=0.0."
Kr-001,000000087,Kremenchuk Reservoir,Ukraine,49.2833,32.6166,lake,2017-01-01,2023-01-01,2017-2022,oper,20260914T220053_Kr-001,run_complete_spunup,"From Margarita Choulga's ESA CCI Lakes list (2026-09-14), CCI id 000000087, analysis hour 06. lat/lon is the bounding-box centroid (N 49.6208, S 48.9458, W 31.8708, E 33.3625) -- not a validated single point; elevation/area/depth not supplied by this source, confirm against ecland-portal's own physiography once staged. | Campaign: LDEPTH=4.78m, NLOOP=40, final max_delta=0.0."
Ch-003,000000092,Chany Lake,RussianFederation,54.8208,77.4367,lake,2017-01-01,2023-01-01,2017-2022,oper,20260914T220053_Ch-003,run_complete_spunup,"From Margarita Choulga's ESA CCI Lakes list (2026-09-14), CCI id 000000092, analysis hour 06. lat/lon is the bounding-box centroid (N 55.0874, S 54.5542, W 76.7761, E 78.0972) -- not a validated single point; elevation/area/depth not supplied by this source, confirm against ecland-portal's own physiography once staged. | Campaign: LDEPTH=4.87m, NLOOP=40, final max_delta=0.0."
Ka-002,000000104,Kama Reservoir,RussianFederation,58.8209,56.25,lake,2017-01-01,2023-01-01,2017-2022,oper,20260914T220053_Ka-002,run_complete_spunup,"From Margarita Choulga's ESA CCI Lakes list (2026-09-14), CCI id 000000104, analysis hour 06. lat/lon is the bounding-box centroid (N 59.9042, S 57.7375, W 55.4125, E 57.0875) -- not a validated single point; elevation/area/depth not supplied by this source, confirm against ecland-portal's own physiography once staged. | Campaign: LDEPTH=7.00m, NLOOP=40, final max_delta=0.0."
Kh-001,000000112,Khantayskoye Reservoir,RussianFederation,68.0208,88.2541,lake,2017-01-01,2023-01-01,2017-2022,oper,20260914T220053_Kh-001,run_complete_spunup,"From Margarita Choulga's ESA CCI Lakes list (2026-09-14), CCI id 000000112, analysis hour 06. lat/lon is the bounding-box centroid (N 68.6458, S 67.3958, W 87.1625, E 89.3458) -- not a validated single point; elevation/area/depth not supplied by this source, confirm against ecland-portal's own physiography once staged. | Campaign: LDEPTH=10.00m, NLOOP=40, final max_delta=0.0."
Vy-001,000000136,Vygozero Lake,RussianFederation,63.5566,34.8417,lake,2017-01-01,2023-01-01,2017-2022,oper,20260914T220054_Vy-001,run_complete_spunup,"From Margarita Choulga's ESA CCI Lakes list (2026-09-14), CCI id 000000136, analysis hour 06. lat/lon is the bounding-box centroid (N 63.9208, S 63.1924, W 34.0792, E 35.6042) -- not a validated single point; elevation/area/depth not supplied by this source, confirm against ecland-portal's own physiography once staged. | Campaign: LDEPTH=7.00m, NLOOP=40, final max_delta=0.0."
In-001,000000144,Inarijarvi Lake,Finland;RussianFederation,69.0289,27.8409,lake,2017-01-01,2023-01-01,2017-2022,oper,20260914T220054_In-001,run_complete_spunup,"From Margarita Choulga's ESA CCI Lakes list (2026-09-14), CCI id 000000144, analysis hour 06. lat/lon is the bounding-box centroid (N 69.3636, S 68.6942, W 27.0169, E 28.6649) -- not a validated single point; elevation/area/depth not supplied by this source, confirm against ecland-portal's own physiography once staged. | Campaign: LDEPTH=9.76m, NLOOP=40, final max_delta=0.0."
Pa-001,000000157,Paijanne Lake,Finland,61.7051,25.5654,lake,2017-01-01,2023-01-01,2017-2022,oper,20260914T220054_Pa-001,run_complete_spunup,"From Margarita Choulga's ESA CCI Lakes list (2026-09-14), CCI id 000000157, analysis hour 06. lat/lon is the bounding-box centroid (N 62.2434, S 61.1668, W 25.1633, E 25.9675) -- not a validated single point; elevation/area/depth not supplied by this source, confirm against ecland-portal's own physiography once staged. | Campaign: LDEPTH=12.66m, NLOOP=40, final max_delta=0.0."
Se-001,000000228,Segozerskoye Lake,RussianFederation,63.3233,33.7452,lake,2017-01-01,2023-01-01,2017-2022,oper,20260914T220057_Se-001,run_complete_spunup,"From Margarita Choulga's ESA CCI Lakes list (2026-09-14), CCI id 000000228, analysis hour 06. lat/lon is the bounding-box centroid (N 63.492, S 63.1547, W 33.2811, E 34.2094) -- not a validated single point; elevation/area/depth not supplied by this source, confirm against ecland-portal's own physiography once staged. | Campaign: LDEPTH=27.00m, NLOOP=40, final max_delta=0.0."
Py-001,000000240,Pyasino Lake,RussianFederation,69.7708,87.8,lake,2017-01-01,2023-01-01,2017-2022,oper,20260914T220058_Py-001,run_complete_spunup,"From Margarita Choulga's ESA CCI Lakes list (2026-09-14), CCI id 000000240, analysis hour 06. lat/lon is the bounding-box centroid (N 70.1292, S 69.4125, W 87.3625, E 88.2375) -- not a validated single point; elevation/area/depth not supplied by this source, confirm against ecland-portal's own physiography once staged. | Campaign: LDEPTH=6.66m, NLOOP=40, final max_delta=0.0."
De-001,000000244,Dead Sea,Jordan;Israel;StateOfPalestine,31.5333,35.4875,lake,2017-01-01,2023-01-01,2017-2022,oper,20260914T220058_De-001,run_complete_spunup_not_fully_converged,"From Margarita Choulga's ESA CCI Lakes list (2026-09-14), CCI id 000000244, analysis hour 06. lat/lon is the bounding-box centroid (N 31.8042, S 31.2625, W 35.3458, E 35.6292) -- not a validated single point; elevation/area/depth not supplied by this source, confirm against ecland-portal's own physiography once staged. | Campaign: LDEPTH=250.00m, NLOOP=40, final max_delta=0.05414."
Ke-001,000000346,Keitele Lake,Finland,62.9142,26.1301,lake,2017-01-01,2023-01-01,2017-2022,oper,20260914T220058_Ke-001,run_complete_spunup,"From Margarita Choulga's ESA CCI Lakes list (2026-09-14), CCI id 000000346, analysis hour 06. lat/lon is the bounding-box centroid (N 63.1551, S 62.6733, W 25.7982, E 26.4619) -- not a validated single point; elevation/area/depth not supplied by this source, confirm against ecland-portal's own physiography once staged. | Campaign: LDEPTH=3.52m, NLOOP=40, final max_delta=0.0."
Ga-001,000000347,Gandhi Sagar Reservoir,India,24.4375,75.4541,lake,2017-01-01,2023-01-01,2017-2022,oper,20260914T220058_Ga-001,run_complete_spunup,"From Margarita Choulga's ESA CCI Lakes list (2026-09-14), CCI id 000000347, analysis hour 06. lat/lon is the bounding-box centroid (N 24.6958, S 24.1792, W 75.1958, E 75.7125) -- not a validated single point; elevation/area/depth not supplied by this source, confirm against ecland-portal's own physiography once staged. | Campaign: LDEPTH=10.00m, NLOOP=40, final max_delta=0.0."
Na-003,000000369,Nasijarvi Lake,Finland,61.699,23.7452,lake,2017-01-01,2023-01-01,2017-2022,oper,20260914T220058_Na-003,run_complete_spunup_not_fully_converged,"From Margarita Choulga's ESA CCI Lakes list (2026-09-14), CCI id 000000369, analysis hour 06. lat/lon is the bounding-box centroid (N 61.8948, S 61.5032, W 23.5375, E 23.953) -- not a validated single point; elevation/area/depth not supplied by this source, confirm against ecland-portal's own physiography once staged. | Campaign: LDEPTH=8.29m, NLOOP=40, final max_delta=0.78516."
Lo-001,000000376,Lokka Reservoir,Finland,67.962,27.6465,lake,2017-01-01,2023-01-01,2017-2022,oper,20260914T220059_Lo-001,run_complete_spunup,"From Margarita Choulga's ESA CCI Lakes list (2026-09-14), CCI id 000000376, analysis hour 06. lat/lon is the bounding-box centroid (N 68.1165, S 67.8074, W 27.1569, E 28.1361) -- not a validated single point; elevation/area/depth not supplied by this source, confirm against ecland-portal's own physiography once staged. | Campaign: LDEPTH=7.00m, NLOOP=40, final max_delta=0.0."
Ma-002,000000397,Manyara Lake,UnitedRepublicOfTanzania,-3.6166,35.8208,lake,2017-01-01,2023-01-01,2017-2022,oper,20260914T220059_Ma-002,run_complete_spunup,"From Margarita Choulga's ESA CCI Lakes list (2026-09-14), CCI id 000000397, analysis hour 06. lat/lon is the bounding-box centroid (N -3.3625, S -3.8708, W 35.6958, E 35.9458) -- not a validated single point; elevation/area/depth not supplied by this source, confirm against ecland-portal's own physiography once staged. | Campaign: LDEPTH=1.56m, NLOOP=8, final max_delta=0.0."
Ka-003,000000422,Kallavesi Lake,Finland,62.8819,27.6019,lake,2017-01-01,2023-01-01,2017-2022,oper,20260914T220059_Ka-003,run_complete_spunup,"From Margarita Choulga's ESA CCI Lakes list (2026-09-14), CCI id 000000422, analysis hour 06. lat/lon is the bounding-box centroid (N 63.117, S 62.6468, W 27.1962, E 28.0076) -- not a validated single point; elevation/area/depth not supplied by this source, confirm against ecland-portal's own physiography once staged. | Campaign: LDEPTH=8.67m, NLOOP=40, final max_delta=0.0."
Pu-001,000000530,Puula Lake,Finland,61.8116,26.6591,lake,2017-01-01,2023-01-01,2017-2022,oper,20260914T220059_Pu-001,run_complete_spunup,"From Margarita Choulga's ESA CCI Lakes list (2026-09-14), CCI id 000000530, analysis hour 06. lat/lon is the bounding-box centroid (N 61.9638, S 61.6594, W 26.3159, E 27.0023) -- not a validated single point; elevation/area/depth not supplied by this source, confirm against ecland-portal's own physiography once staged. | Campaign: LDEPTH=3.27m, NLOOP=40, final max_delta=0.0."
Um-001,000000548,Umbozero Lake,RussianFederation,67.7147,34.3917,lake,2017-01-01,2023-01-01,2017-2022,oper,20260914T220103_Um-001,run_complete_spunup,"From Margarita Choulga's ESA CCI Lakes list (2026-09-14), CCI id 000000548, analysis hour 06. lat/lon is the bounding-box centroid (N 67.9129, S 67.5166, W 34.1658, E 34.6176) -- not a validated single point; elevation/area/depth not supplied by this source, confirm against ecland-portal's own physiography once staged. | Campaign: LDEPTH=12.75m, NLOOP=40, final max_delta=0.0."
Ho-001,000000657,Hoytiainen Lake,Finland,62.8693,29.6288,lake,2017-01-01,2023-01-01,2017-2022,oper,20260914T220103_Ho-001,run_complete_spunup,"From Margarita Choulga's ESA CCI Lakes list (2026-09-14), CCI id 000000657, analysis hour 06. lat/lon is the bounding-box centroid (N 63.0583, S 62.6803, W 29.4114, E 29.8461) -- not a validated single point; elevation/area/depth not supplied by this source, confirm against ecland-portal's own physiography once staged. | Campaign: LDEPTH=10.00m, NLOOP=40, final max_delta=0.00449."
Ya-001,000000936,Yanisyarvi Lake,RussianFederation,62.0076,30.9045,lake,2017-01-01,2023-01-01,2017-2022,oper,20260914T220103_Ya-001,run_complete_spunup,"From Margarita Choulga's ESA CCI Lakes list (2026-09-14), CCI id 000000936, analysis hour 06. lat/lon is the bounding-box centroid (N 62.1449, S 61.8703, W 30.7178, E 31.0912) -- not a validated single point; elevation/area/depth not supplied by this source, confirm against ecland-portal's own physiography once staged. | Campaign: LDEPTH=10.00m, NLOOP=40, final max_delta=0.0."
Ma-003,000000960,Malye Chany Lake,RussianFederation,54.5413,77.9585,lake,2017-01-01,2023-01-01,2017-2022,oper,20260914T220103_Ma-003,run_complete_spunup,"From Margarita Choulga's ESA CCI Lakes list (2026-09-14), CCI id 000000960, analysis hour 06. lat/lon is the bounding-box centroid (N 54.6369, S 54.4458, W 77.7786, E 78.1384) -- not a validated single point; elevation/area/depth not supplied by this source, confirm against ecland-portal's own physiography once staged. | Campaign: LDEPTH=2.42m, NLOOP=8, final max_delta=0.0."
Ni-001,000001061,Nilakka Lake,Finland,63.1196,26.4425,lake,2017-01-01,2023-01-01,2017-2022,oper,20260914T220103_Ni-001,run_complete_spunup,"From Margarita Choulga's ESA CCI Lakes list (2026-09-14), CCI id 000001061, analysis hour 06. lat/lon is the bounding-box centroid (N 63.2825, S 62.9566, W 26.2262, E 26.6587) -- not a validated single point; elevation/area/depth not supplied by this source, confirm against ecland-portal's own physiography once staged. | Campaign: LDEPTH=7.00m, NLOOP=40, final max_delta=0.0."
Va-001,000001201,Vanajavesi Lake,Finland,61.1495,24.1236,lake,2017-01-01,2023-01-01,2017-2022,oper,20260914T220104_Va-001,run_complete_spunup,"From Margarita Choulga's ESA CCI Lakes list (2026-09-14), CCI id 000001201, analysis hour 06. lat/lon is the bounding-box centroid (N 61.2531, S 61.0458, W 23.8441, E 24.403) -- not a validated single point; elevation/area/depth not supplied by this source, confirm against ecland-portal's own physiography once staged. | Campaign: LDEPTH=1.00m, NLOOP=8, final max_delta=0.0."
La-001,000001246,Lappajarvi Lake,Finland,63.1694,23.6679,lake,2017-01-01,2023-01-01,2017-2022,oper,20260914T220104_La-001,run_complete_spunup,"From Margarita Choulga's ESA CCI Lakes list (2026-09-14), CCI id 000001246, analysis hour 06. lat/lon is the bounding-box centroid (N 63.2958, S 63.0429, W 23.5305, E 23.8052) -- not a validated single point; elevation/area/depth not supplied by this source, confirm against ecland-portal's own physiography once staged. | Campaign: LDEPTH=7.95m, NLOOP=40, final max_delta=0.0."
Fi-001,000001357,Fitri Lake,Chad,12.7791,17.5208,lake,2017-01-01,2023-01-01,2017-2022,oper,20260914T220104_Fi-001,run_complete_spunup,"From Margarita Choulga's ESA CCI Lakes list (2026-09-14), CCI id 000001357, analysis hour 06. lat/lon is the bounding-box centroid (N 12.9208, S 12.6375, W 17.3958, E 17.6458) -- not a validated single point; elevation/area/depth not supplied by this source, confirm against ecland-portal's own physiography once staged. | Campaign: LDEPTH=3.00m, NLOOP=8, final max_delta=0.0."
Vu-001,000002054,Vuohijarvi Lake,Finland,61.1804,26.6945,lake,2017-01-01,2023-01-01,2017-2022,oper,20260914T220104_Vu-001,run_complete_spunup,"From Margarita Choulga's ESA CCI Lakes list (2026-09-14), CCI id 000002054, analysis hour 06. lat/lon is the bounding-box centroid (N 61.276, S 61.0848, W 26.5819, E 26.8071) -- not a validated single point; elevation/area/depth not supplied by this source, confirm against ecland-portal's own physiography once staged. | Campaign: LDEPTH=2.01m, NLOOP=8, final max_delta=0.0."
Su-001,200000008,Sua Pan Lake,Botswana,-20.7125,26.0875,lake,2017-01-01,2023-01-01,2017-2022,oper,20260914T220104_Su-001,run_complete_spunup,"From Margarita Choulga's ESA CCI Lakes list (2026-09-14), CCI id 200000008, analysis hour 06. lat/lon is the bounding-box centroid (N -20.1875, S -21.2375, W 25.8375, E 26.3375) -- not a validated single point; elevation/area/depth not supplied by this source, confirm against ecland-portal's own physiography once staged. | Campaign: LDEPTH=3.00m, NLOOP=8, final max_delta=0.0."
Et-001,200000012,Etosha Pan Lake,Namibia,-18.7875,16.3834,lake,2017-01-01,2023-01-01,2017-2022,oper,20260914T220108_Et-001,run_complete_spunup,"From Margarita Choulga's ESA CCI Lakes list (2026-09-14), CCI id 200000012, analysis hour 06. lat/lon is the bounding-box centroid (N -18.4292, S -19.1458, W 15.8042, E 16.9625) -- not a validated single point; elevation/area/depth not supplied by this source, confirm against ecland-portal's own physiography once staged. | Campaign: LDEPTH=3.00m, NLOOP=8, final max_delta=0.0."
Tu-002,300000140,Tuz Lake,Turkey,38.7666,33.3896,lake,2017-01-01,2023-01-01,2017-2022,oper,20260914T220108_Tu-002,run_complete_spunup,"From Margarita Choulga's ESA CCI Lakes list (2026-09-14), CCI id 300000140, analysis hour 06. lat/lon is the bounding-box centroid (N 39.1374, S 38.3958, W 33.0957, E 33.6835) -- not a validated single point; elevation/area/depth not supplied by this source, confirm against ecland-portal's own physiography once staged. | Campaign: LDEPTH=1.00m, NLOOP=8, final max_delta=0.0."
